Terrain,DeviceType,UseCase,RIS_Used,Satellite_Link,SignalStrength_dBm,Throughput_Mbps,Latency_ms,Energy_Watts,Coverage_km
Urban,User_Equipment,Disaster_Response,1,0,-59.12,0.5,22.41,2.442,5.33
Mountain,User_Equipment,Smart_City,0,0,-92.49,0.5,23.49,2.29,0.1
Rural,IoT_Sensor,Agriculture,0,0,-84.05,1.08,23.86,1.59,5.99
Rural,User_Equipment,Smart_City,0,0,-79.99,4.606,17.96,2.035,4.88
Urban,User_Equipment,Smart_City,1,1,-77.52,11.12,117.55,2.703,88.28
Urban,IoT_Sensor,Disaster_Response,0,1,-66.61,5.861,115.73,1.707,106.58
Urban,UAV_Node,Smart_City,0,1,-73.27,0.5,90.34,4.202,125.06
Mountain,User_Equipment,Disaster_Response,0,0,-104.15,12.016,33.49,3.058,0.1
Rural,UAV_Node,Telemedicine,0,0,-82.44,0.5,14.26,4.12,5.47
Rural,User_Equipment,Telemedicine,0,0,-78.13,0.884,15.48,2.562,7.07
Urban,User_Equipment,Disaster_Response,0,0,-70.69,0.5,21.95,2.246,3.33
Mountain,IoT_Sensor,Telemedicine,1,1,-84.24,13.014,107.42,1.347,130.84
Mountain,UAV_Node,Agriculture,0,0,-86.94,0.5,18.69,4.366,0.1
Urban,UAV_Node,Smart_City,0,0,-63.43,0.5,21.23,4.441,3.22
Urban,IoT_Sensor,Agriculture,0,0,-61.8,0.5,26.3,1.439,7.0
Urban,IoT_Sensor,Smart_City,0,0,-66.29,0.5,11.96,1.524,4.43
Urban,IoT_Sensor,Telemedicine,0,1,-69.62,5.99,108.95,1.348,83.74
Rural,User_Equipment,Agriculture,0,0,-93.01,1.15,13.68,2.875,4.42
Urban,UAV_Node,Telemedicine,1,0,-65.23,4.016,17.53,4.08,4.88
Urban,IoT_Sensor,Smart_City,0,0,-74.22,3.071,28.2,2.144,5.99
Rural,User_Equipment,Disaster_Response,1,0,-68.15,0.5,19.66,2.047,5.58
Urban,IoT_Sensor,Disaster_Response,1,1,-64.88,7.038,104.55,1.327,126.07
Urban,UAV_Node,Agriculture,1,1,-63.38,2.171,89.84,3.913,113.29
Urban,User_Equipment,Telemedicine,0,1,-67.24,0.5,98.04,2.704,88.94
Rural,User_Equipment,Telemedicine,0,1,-84.78,9.129,97.94,2.618,120.04
Rural,IoT_Sensor,Agriculture,0,0,-76.52,0.5,12.53,1.248,3.95
Urban,IoT_Sensor,Disaster_Response,0,0,-73.11,0.5,18.23,1.774,2.28
Rural,IoT_Sensor,Smart_City,1,0,-78.03,7.184,4.51,1.66,2.84
Rural,IoT_Sensor,Agriculture,0,0,-88.71,0.5,15.09,1.235,0.96
Urban,UAV_Node,Smart_City,0,1,-76.6,0.5,92.15,4.417,109.43
Rural,User_Equipment,Disaster_Response,1,0,-82.06,12.426,17.44,2.9,3.8
Urban,UAV_Node,Telemedicine,1,1,-64.19,0.5,92.59,3.85,75.43
Urban,UAV_Node,Disaster_Response,0,0,-72.15,0.5,14.38,4.034,4.86
Mountain,User_Equipment,Agriculture,0,0,-98.46,11.544,39.79,2.897,0.1
Mountain,User_Equipment,Telemedicine,0,0,-102.03,2.387,43.75,2.289,0.1
Mountain,UAV_Node,Agriculture,0,1,-95.42,9.32,103.5,4.195,83.47
Urban,User_Equipment,Agriculture,0,0,-77.52,4.732,7.97,1.949,7.32
Urban,IoT_Sensor,Disaster_Response,0,0,-66.2,0.5,9.58,1.773,6.95
Rural,IoT_Sensor,Agriculture,0,0,-84.59,0.5,15.13,1.042,3.44
Urban,IoT_Sensor,Disaster_Response,0,0,-77.29,0.954,16.48,1.97,5.41
Urban,UAV_Node,Telemedicine,0,0,-71.55,0.5,7.3,3.911,4.08
Rural,User_Equipment,Disaster_Response,0,1,-88.76,8.123,87.04,2.599,82.3
Urban,IoT_Sensor,Telemedicine,0,0,-68.4,0.5,15.44,1.322,8.02
Mountain,User_Equipment,Disaster_Response,1,0,-82.3,16.261,36.81,2.539,0.1
Urban,User_Equipment,Smart_City,1,0,-73.38,13.382,25.95,2.993,6.02
Rural,IoT_Sensor,Smart_City,0,0,-84.42,7.107,14.43,0.896,4.14
Urban,IoT_Sensor,Agriculture,0,1,-70.8,0.827,95.87,1.9,105.14
Rural,User_Equipment,Disaster_Response,0,0,-81.64,0.5,10.73,2.611,4.58
Rural,User_Equipment,Disaster_Response,1,0,-77.93,2.815,19.69,1.994,7.41
Urban,User_Equipment,Telemedicine,1,0,-67.76,4.492,11.52,2.067,1.95
Mountain,User_Equipment,Agriculture,0,1,-96.6,15.39,120.73,3.311,86.71
Rural,UAV_Node,Disaster_Response,1,1,-82.98,21.498,77.14,3.946,104.24
Mountain,User_Equipment,Agriculture,0,0,-89.62,8.062,31.4,2.315,0.1
Mountain,User_Equipment,Smart_City,0,0,-94.89,0.5,38.01,2.851,0.1
Rural,UAV_Node,Disaster_Response,1,0,-69.49,8.007,16.84,4.062,4.15
Mountain,IoT_Sensor,Disaster_Response,1,1,-89.3,12.661,141.93,1.272,57.99
Urban,IoT_Sensor,Agriculture,1,0,-67.54,0.5,23.5,1.375,3.05
Urban,IoT_Sensor,Disaster_Response,1,0,-71.57,5.035,9.96,1.093,6.41
Urban,User_Equipment,Agriculture,0,0,-79.02,9.486,19.05,3.02,2.39
Urban,User_Equipment,Disaster_Response,1,0,-71.92,19.51,2.24,3.009,1.8
Urban,User_Equipment,Telemedicine,0,0,-68.66,0.5,19.19,2.67,3.74
Urban,IoT_Sensor,Agriculture,1,1,-61.46,2.812,91.67,1.465,60.63
Mountain,IoT_Sensor,Disaster_Response,0,0,-102.91,14.126,44.15,2.311,0.1
Urban,IoT_Sensor,Smart_City,1,0,-59.52,2.201,14.5,1.344,4.07
Urban,IoT_Sensor,Disaster_Response,0,0,-72.42,0.5,18.83,1.155,5.09
Rural,User_Equipment,Smart_City,1,1,-78.27,21.109,93.64,2.857,108.4
Urban,IoT_Sensor,Smart_City,0,0,-61.94,0.5,37.39,2.136,5.99
Mountain,IoT_Sensor,Telemedicine,1,1,-84.52,17.747,111.79,1.351,91.95
Urban,UAV_Node,Agriculture,0,0,-71.34,0.5,33.33,3.902,4.18
Mountain,IoT_Sensor,Disaster_Response,0,0,-99.46,11.836,43.14,1.862,0.1
Rural,User_Equipment,Telemedicine,0,0,-95.76,12.074,24.82,2.725,2.75
Urban,User_Equipment,Disaster_Response,0,0,-73.6,0.5,23.69,2.215,7.26
Urban,IoT_Sensor,Smart_City,1,0,-65.06,0.5,23.94,1.647,5.31
Mountain,User_Equipment,Agriculture,0,1,-99.94,9.467,95.72,3.385,66.32
Rural,UAV_Node,Disaster_Response,1,0,-79.66,10.026,12.21,4.059,4.96
Rural,UAV_Node,Disaster_Response,0,0,-84.62,6.203,23.45,3.853,4.79
Rural,IoT_Sensor,Smart_City,0,0,-86.12,5.351,19.51,1.142,7.44
Urban,UAV_Node,Disaster_Response,1,1,-67.25,14.997,80.95,4.177,103.65
Urban,IoT_Sensor,Disaster_Response,1,1,-63.16,4.55,99.48,1.722,86.6
Urban,IoT_Sensor,Smart_City,0,0,-67.79,0.5,37.04,1.653,7.07
Mountain,IoT_Sensor,Telemedicine,0,1,-100.45,9.767,127.47,1.695,66.48
Rural,UAV_Node,Smart_City,1,0,-71.95,2.037,14.38,3.664,6.8
Urban,IoT_Sensor,Telemedicine,0,0,-70.49,0.5,29.51,1.182,8.4
Urban,IoT_Sensor,Agriculture,1,1,-63.91,9.198,96.33,1.734,109.62
Urban,User_Equipment,Telemedicine,1,1,-60.46,1.76,82.96,2.609,95.95
Urban,IoT_Sensor,Telemedicine,1,0,-62.83,0.5,10.76,0.846,2.69
Rural,IoT_Sensor,Agriculture,0,0,-80.23,0.5,35.63,1.987,6.51
Rural,IoT_Sensor,Telemedicine,1,0,-77.56,4.997,17.26,1.572,5.4
Mountain,IoT_Sensor,Smart_City,0,1,-98.06,18.483,112.57,2.29,70.6
Rural,IoT_Sensor,Telemedicine,0,0,-83.19,4.472,17.0,1.187,3.71
Urban,IoT_Sensor,Agriculture,0,0,-75.72,0.5,39.04,1.1,1.68
Rural,User_Equipment,Smart_City,0,0,-84.46,2.477,36.26,2.505,6.01
Rural,IoT_Sensor,Agriculture,1,0,-79.17,7.618,42.19,1.603,0.87
Rural,IoT_Sensor,Agriculture,1,0,-80.04,4.719,18.41,1.933,4.37
Rural,UAV_Node,Disaster_Response,1,1,-79.64,16.315,97.96,4.338,87.71
Rural,IoT_Sensor,Disaster_Response,0,0,-94.41,9.309,4.83,1.613,5.38
Rural,User_Equipment,Agriculture,0,0,-87.74,6.332,34.77,2.319,8.9
Urban,IoT_Sensor,Agriculture,0,0,-69.54,0.5,8.32,1.879,7.05
Urban,IoT_Sensor,Agriculture,1,1,-63.2,0.5,102.17,1.021,132.18
Urban,IoT_Sensor,Disaster_Response,0,0,-75.14,3.055,9.03,2.05,5.05
Urban,IoT_Sensor,Disaster_Response,1,0,-57.67,0.5,14.11,1.225,4.91
Rural,IoT_Sensor,Telemedicine,0,1,-89.33,5.352,91.63,2.084,90.74
Urban,IoT_Sensor,Telemedicine,0,1,-65.15,1.044,93.92,1.725,97.0
Rural,IoT_Sensor,Agriculture,1,1,-76.86,9.472,94.61,1.448,71.34
Mountain,IoT_Sensor,Smart_City,0,1,-98.23,19.415,109.52,1.732,79.51
Urban,IoT_Sensor,Smart_City,1,0,-55.12,0.5,28.33,1.208,5.09
Urban,IoT_Sensor,Disaster_Response,1,1,-69.97,11.402,88.95,1.657,125.92
Rural,IoT_Sensor,Disaster_Response,0,0,-80.4,0.5,22.21,1.533,1.65
Urban,User_Equipment,Disaster_Response,0,1,-65.0,3.558,112.18,2.393,92.69
Urban,User_Equipment,Agriculture,0,1,-73.35,2.983,94.87,2.51,96.97
Urban,IoT_Sensor,Smart_City,1,1,-57.04,0.5,92.82,1.334,72.08
Urban,User_Equipment,Telemedicine,0,0,-71.25,0.5,17.69,1.871,4.35
Mountain,User_Equipment,Agriculture,1,0,-87.56,2.897,46.8,2.495,0.1
Mountain,IoT_Sensor,Telemedicine,1,0,-87.7,13.892,36.94,1.284,0.1
Rural,UAV_Node,Telemedicine,1,1,-79.67,7.689,89.69,3.608,90.96
Mountain,UAV_Node,Agriculture,0,1,-90.95,3.71,114.84,3.568,74.21
Mountain,IoT_Sensor,Telemedicine,1,0,-85.03,2.904,23.98,0.82,0.1
Urban,IoT_Sensor,Smart_City,1,0,-72.74,9.935,26.81,1.092,7.39
Mountain,User_Equipment,Telemedicine,0,0,-88.48,1.093,39.09,2.309,0.1
Rural,User_Equipment,Smart_City,0,1,-93.31,19.325,96.92,3.472,85.43
Mountain,IoT_Sensor,Smart_City,1,1,-83.84,12.24,106.61,1.387,96.39
Mountain,IoT_Sensor,Smart_City,0,0,-89.37,0.5,26.13,1.563,0.1
Urban,IoT_Sensor,Disaster_Response,1,0,-69.45,0.5,25.35,1.43,3.66
Urban,IoT_Sensor,Telemedicine,0,1,-72.05,7.206,112.29,1.683,119.92
Urban,User_Equipment,Agriculture,0,1,-75.53,1.985,93.63,2.516,72.2
Urban,IoT_Sensor,Agriculture,1,0,-65.07,0.5,24.58,0.951,3.91
Mountain,IoT_Sensor,Telemedicine,0,0,-96.54,9.07,14.13,2.117,0.1
Mountain,User_Equipment,Disaster_Response,0,0,-91.1,8.06,29.15,3.203,0.1
Urban,IoT_Sensor,Disaster_Response,0,0,-63.45,0.5,19.69,1.005,6.99
Rural,IoT_Sensor,Smart_City,0,0,-78.02,6.253,10.9,1.318,6.29
Urban,User_Equipment,Telemedicine,0,0,-72.81,0.5,10.63,2.426,0.26
Urban,UAV_Node,Telemedicine,0,1,-71.05,0.5,88.32,3.721,104.86
Urban,User_Equipment,Agriculture,1,0,-72.42,2.141,22.92,2.495,5.59
Urban,User_Equipment,Telemedicine,0,1,-74.03,3.316,98.13,2.348,96.07
Mountain,IoT_Sensor,Disaster_Response,1,0,-84.18,5.269,12.62,2.055,0.1
Urban,IoT_Sensor,Telemedicine,0,0,-61.92,0.5,1.0,1.867,5.35
Rural,User_Equipment,Agriculture,1,0,-85.17,12.305,13.93,2.61,3.67
Rural,IoT_Sensor,Smart_City,0,0,-87.96,3.738,24.58,1.883,5.4
Urban,IoT_Sensor,Agriculture,1,1,-64.13,5.23,72.52,1.736,98.72
Mountain,IoT_Sensor,Agriculture,0,1,-93.6,8.007,110.0,1.491,100.73
Mountain,IoT_Sensor,Smart_City,0,0,-99.05,8.372,29.74,1.423,0.1
Urban,IoT_Sensor,Agriculture,0,0,-67.88,0.5,33.88,1.533,2.13
Rural,IoT_Sensor,Agriculture,0,1,-87.37,13.136,96.15,2.021,102.86
Urban,IoT_Sensor,Telemedicine,0,0,-70.07,0.5,23.83,1.552,6.17
Urban,IoT_Sensor,Telemedicine,0,0,-67.27,0.5,21.41,1.037,6.03
Urban,UAV_Node,Smart_City,1,1,-63.97,0.5,73.69,3.569,111.65
Rural,User_Equipment,Telemedicine,0,0,-87.18,0.5,27.68,2.488,5.65
Rural,User_Equipment,Telemedicine,0,0,-85.55,0.5,22.15,2.487,3.93
Urban,User_Equipment,Agriculture,1,0,-64.44,0.5,25.08,2.902,6.68
Urban,IoT_Sensor,Disaster_Response,1,1,-65.85,0.5,139.26,0.894,120.03
Mountain,IoT_Sensor,Telemedicine,0,0,-96.29,3.538,14.16,1.722,0.1
Urban,User_Equipment,Disaster_Response,0,0,-62.01,0.5,37.25,2.957,3.07
Urban,User_Equipment,Telemedicine,0,1,-67.2,0.5,97.13,3.191,108.59
Rural,User_Equipment,Telemedicine,1,0,-80.48,8.585,22.87,2.35,6.89
Mountain,IoT_Sensor,Smart_City,1,1,-85.52,12.149,114.54,1.69,78.88
Urban,IoT_Sensor,Smart_City,0,0,-71.67,0.5,15.76,1.681,7.14
Rural,IoT_Sensor,Smart_City,1,1,-73.13,6.834,94.3,1.495,133.38
Rural,IoT_Sensor,Disaster_Response,1,0,-77.15,5.218,23.3,1.375,5.7
Urban,User_Equipment,Agriculture,0,0,-70.54,3.636,4.83,2.704,4.75
Rural,User_Equipment,Telemedicine,1,0,-76.76,13.083,27.51,1.802,6.69
Urban,IoT_Sensor,Telemedicine,0,0,-77.85,0.5,15.84,1.715,4.77
Rural,UAV_Node,Telemedicine,0,1,-90.63,14.466,83.7,4.327,71.86
Rural,User_Equipment,Disaster_Response,0,1,-90.97,14.542,95.5,2.724,111.72
Rural,IoT_Sensor,Smart_City,0,0,-84.29,0.5,32.57,2.124,6.75
Urban,IoT_Sensor,Agriculture,0,0,-61.34,0.5,14.65,1.308,3.66
Mountain,IoT_Sensor,Disaster_Response,1,1,-77.84,19.611,118.58,1.571,94.37
Urban,IoT_Sensor,Smart_City,0,1,-66.81,0.5,92.69,2.107,120.19
Urban,IoT_Sensor,Disaster_Response,0,0,-67.5,0.5,27.58,1.26,0.1
Urban,IoT_Sensor,Agriculture,0,0,-79.01,4.591,26.86,1.427,5.4
Rural,IoT_Sensor,Smart_City,1,0,-81.71,10.214,38.49,1.46,6.22
Rural,IoT_Sensor,Disaster_Response,0,0,-88.94,7.227,18.24,1.897,5.52
Urban,UAV_Node,Agriculture,0,0,-73.1,0.5,21.69,4.072,1.1
Rural,IoT_Sensor,Telemedicine,0,0,-85.84,4.874,20.98,1.21,4.3
Urban,User_Equipment,Agriculture,0,0,-72.36,0.5,32.96,2.35,0.56
Rural,IoT_Sensor,Telemedicine,1,1,-88.9,22.685,92.81,1.571,137.11
Urban,UAV_Node,Disaster_Response,1,0,-60.26,3.978,22.45,3.856,2.83
Rural,IoT_Sensor,Smart_City,0,0,-90.36,4.035,18.05,1.708,7.51
Urban,IoT_Sensor,Smart_City,1,0,-62.8,0.5,19.36,1.435,6.89
Mountain,UAV_Node,Disaster_Response,1,0,-78.63,0.5,30.92,3.277,0.1
Urban,UAV_Node,Smart_City,1,0,-68.6,4.87,17.52,4.217,2.73
Urban,User_Equipment,Smart_City,0,0,-82.65,4.186,18.84,2.659,5.7
Urban,IoT_Sensor,Telemedicine,0,0,-71.43,0.5,22.15,1.925,3.31
Mountain,IoT_Sensor,Disaster_Response,0,0,-89.5,10.369,50.78,1.841,0.1
Mountain,User_Equipment,Agriculture,1,0,-79.21,5.934,44.85,2.749,0.1
Urban,UAV_Node,Telemedicine,0,0,-76.15,0.897,23.69,4.158,1.44
Rural,User_Equipment,Disaster_Response,0,1,-82.52,1.16,95.44,2.927,130.56
Mountain,User_Equipment,Telemedicine,0,0,-97.33,8.546,26.11,2.828,0.1
Rural,IoT_Sensor,Agriculture,1,1,-79.53,11.893,109.55,1.508,115.22
Rural,User_Equipment,Agriculture,0,0,-71.78,0.5,28.76,3.192,3.89
Urban,IoT_Sensor,Disaster_Response,1,0,-71.51,1.91,34.73,1.605,6.39
Urban,IoT_Sensor,Agriculture,1,0,-62.73,0.5,13.96,1.482,7.35
Mountain,IoT_Sensor,Telemedicine,0,0,-92.66,10.461,32.7,1.326,0.1
Mountain,User_Equipment,Agriculture,1,1,-83.57,12.602,98.61,2.166,83.01
Rural,IoT_Sensor,Telemedicine,0,1,-84.51,0.5,96.08,1.598,84.55
Urban,IoT_Sensor,Telemedicine,1,1,-62.46,12.978,109.97,1.603,107.58
Urban,User_Equipment,Agriculture,0,0,-71.96,2.886,15.34,2.373,5.45
Rural,IoT_Sensor,Disaster_Response,1,0,-77.65,0.5,26.4,1.352,6.1
Mountain,User_Equipment,Smart_City,1,0,-90.72,16.807,33.09,3.113,0.1
Mountain,IoT_Sensor,Agriculture,1,0,-85.89,8.431,38.24,1.677,0.1
Rural,IoT_Sensor,Telemedicine,1,0,-80.85,9.741,8.52,1.153,3.48
Rural,User_Equipment,Telemedicine,0,0,-83.11,3.028,20.85,2.527,3.24
Urban,IoT_Sensor,Agriculture,1,0,-64.15,0.5,1.0,1.069,5.2
Urban,IoT_Sensor,Disaster_Response,1,0,-58.37,0.5,18.13,1.194,5.96
Mountain,IoT_Sensor,Disaster_Response,0,1,-95.26,9.176,98.7,1.559,64.42
Rural,IoT_Sensor,Telemedicine,0,1,-93.87,7.352,112.06,1.504,110.31
Urban,UAV_Node,Telemedicine,1,1,-57.69,0.5,102.77,3.433,83.31
Urban,IoT_Sensor,Disaster_Response,1,0,-68.53,1.928,24.67,1.3,7.3
Rural,User_Equipment,Smart_City,1,0,-82.27,5.556,35.21,2.243,5.59
Urban,IoT_Sensor,Agriculture,0,0,-72.98,0.5,10.51,0.631,7.54
Urban,User_Equipment,Telemedicine,1,1,-57.13,9.0,117.47,3.096,87.77
Rural,User_Equipment,Telemedicine,0,0,-95.68,4.939,29.32,2.925,2.69
Rural,User_Equipment,Disaster_Response,1,0,-63.31,0.853,17.63,2.204,2.33
Rural,IoT_Sensor,Agriculture,0,1,-79.72,7.358,111.36,1.653,122.34
Urban,IoT_Sensor,Disaster_Response,1,0,-62.88,1.802,8.94,0.985,6.32
Rural,IoT_Sensor,Agriculture,1,0,-79.27,8.017,11.75,1.969,7.38
Urban,UAV_Node,Agriculture,0,0,-68.57,0.5,8.91,4.579,8.7
Urban,User_Equipment,Agriculture,1,0,-61.39,1.108,14.71,2.369,6.69
Rural,UAV_Node,Telemedicine,0,0,-81.77,0.5,4.43,4.317,7.33
Rural,IoT_Sensor,Smart_City,1,0,-76.22,10.457,32.23,1.562,3.84
Mountain,User_Equipment,Disaster_Response,1,0,-88.55,16.713,32.41,2.233,0.1
Rural,UAV_Node,Smart_City,0,0,-85.99,0.5,18.53,3.886,6.7
Rural,IoT_Sensor,Disaster_Response,1,1,-79.76,13.068,94.3,1.601,62.21
Urban,IoT_Sensor,Agriculture,1,0,-64.97,3.904,1.79,1.242,5.21
Urban,User_Equipment,Telemedicine,0,0,-64.33,0.5,22.7,2.444,5.77
Urban,User_Equipment,Smart_City,0,0,-67.03,0.5,1.0,2.483,5.65
Urban,User_Equipment,Telemedicine,1,1,-78.7,24.17,99.31,2.759,77.95
Mountain,IoT_Sensor,Disaster_Response,1,0,-85.72,6.93,21.32,1.454,0.1
Urban,User_Equipment,Telemedicine,1,0,-63.03,0.5,39.87,1.992,6.09
Mountain,IoT_Sensor,Telemedicine,1,1,-89.09,19.066,124.11,1.466,97.11
Rural,IoT_Sensor,Smart_City,0,1,-86.94,12.079,101.06,1.356,103.83
Rural,IoT_Sensor,Agriculture,1,0,-73.38,3.535,32.64,1.664,4.08
Rural,User_Equipment,Telemedicine,0,1,-80.26,12.397,91.54,2.116,128.95
Rural,User_Equipment,Agriculture,0,0,-88.86,0.5,25.43,2.856,2.21
Rural,User_Equipment,Disaster_Response,0,0,-82.96,4.947,22.0,3.015,7.11
Urban,IoT_Sensor,Telemedicine,0,0,-74.86,0.5,22.64,1.419,2.61
Rural,UAV_Node,Smart_City,0,0,-91.9,14.546,27.72,3.51,5.57
Urban,IoT_Sensor,Disaster_Response,0,1,-73.13,11.529,107.32,1.622,163.04
Urban,User_Equipment,Disaster_Response,1,0,-59.69,0.5,22.89,2.291,6.11
Rural,IoT_Sensor,Smart_City,0,0,-80.23,0.5,3.45,1.207,4.93
Urban,IoT_Sensor,Telemedicine,0,1,-67.43,3.015,90.4,1.406,58.36
Mountain,IoT_Sensor,Telemedicine,0,1,-91.37,8.752,113.77,2.134,101.06
Mountain,IoT_Sensor,Disaster_Response,0,0,-92.42,5.982,35.93,1.819,0.1
Mountain,User_Equipment,Telemedicine,0,0,-98.21,9.231,23.7,2.407,0.1
Urban,User_Equipment,Agriculture,0,0,-67.84,0.5,44.12,2.031,5.0
Urban,IoT_Sensor,Smart_City,1,1,-60.0,2.93,115.16,1.26,66.22
Mountain,UAV_Node,Agriculture,1,0,-85.23,7.166,36.02,3.879,0.1
Urban,IoT_Sensor,Telemedicine,1,1,-58.06,0.5,100.72,1.459,60.49
Mountain,User_Equipment,Disaster_Response,0,0,-91.46,12.947,32.88,2.598,0.1
Mountain,UAV_Node,Smart_City,0,0,-93.24,0.5,20.48,4.163,0.1
Mountain,User_Equipment,Telemedicine,1,0,-83.65,13.891,35.77,3.158,0.1
Urban,IoT_Sensor,Telemedicine,0,0,-70.13,0.5,22.58,1.755,3.39
Urban,UAV_Node,Disaster_Response,0,0,-74.41,0.5,2.58,3.996,7.15
Mountain,User_Equipment,Disaster_Response,0,1,-95.82,16.86,118.34,2.782,122.87
Urban,IoT_Sensor,Agriculture,0,0,-73.72,0.5,18.45,1.403,2.61
Urban,IoT_Sensor,Smart_City,0,0,-73.38,0.5,1.0,1.864,3.08
Rural,User_Equipment,Smart_City,0,1,-85.72,12.702,91.4,2.566,99.38
Mountain,User_Equipment,Disaster_Response,0,0,-98.96,7.825,30.86,2.67,0.1
Rural,User_Equipment,Agriculture,0,1,-86.54,5.209,118.88,2.62,109.45
Rural,UAV_Node,Smart_City,1,0,-88.47,6.808,20.57,3.786,4.57
Urban,User_Equipment,Disaster_Response,1,0,-62.93,0.5,6.65,1.898,5.76
Rural,IoT_Sensor,Telemedicine,1,0,-78.99,22.242,24.86,1.842,6.38
Mountain,IoT_Sensor,Smart_City,1,0,-93.09,20.766,19.53,1.697,0.1
Urban,IoT_Sensor,Agriculture,1,1,-60.7,0.5,110.83,1.46,90.23
Rural,User_Equipment,Agriculture,0,0,-80.31,0.5,15.29,2.35,4.86
Mountain,IoT_Sensor,Agriculture,0,0,-103.04,13.928,34.06,2.145,0.1
Rural,User_Equipment,Telemedicine,0,0,-88.81,7.143,33.26,2.38,7.12
Rural,User_Equipment,Smart_City,1,0,-82.85,12.167,7.13,3.057,3.82
Rural,UAV_Node,Smart_City,1,1,-83.7,13.575,81.03,3.547,103.97
Urban,IoT_Sensor,Telemedicine,0,0,-65.85,0.5,14.16,1.64,4.64
Urban,User_Equipment,Smart_City,1,0,-64.97,2.124,30.38,2.485,3.17
Mountain,IoT_Sensor,Telemedicine,0,1,-96.32,13.591,99.81,1.533,80.38
Mountain,User_Equipment,Telemedicine,1,0,-99.02,6.413,6.68,2.556,0.1
Mountain,IoT_Sensor,Telemedicine,0,1,-91.82,9.762,110.49,2.079,79.65
Mountain,IoT_Sensor,Agriculture,0,0,-101.2,6.341,40.52,0.962,0.1
Rural,User_Equipment,Smart_City,0,0,-84.7,3.226,32.0,2.715,4.02
Rural,IoT_Sensor,Telemedicine,0,0,-83.61,16.733,15.37,1.087,7.15
Rural,IoT_Sensor,Smart_City,0,1,-78.2,5.936,95.89,1.329,62.96
Rural,User_Equipment,Agriculture,0,1,-91.54,9.204,111.54,3.173,115.67
Rural,User_Equipment,Telemedicine,1,0,-94.1,19.658,1.3,2.519,7.36
Rural,User_Equipment,Disaster_Response,0,0,-84.08,4.454,16.11,2.237,7.29
Mountain,User_Equipment,Agriculture,0,0,-86.0,5.099,36.9,2.543,0.1
Urban,User_Equipment,Disaster_Response,1,0,-57.81,0.5,24.49,2.93,6.53
Urban,IoT_Sensor,Smart_City,1,0,-62.95,9.759,14.9,0.946,4.89
Urban,IoT_Sensor,Smart_City,0,1,-72.46,0.5,100.34,1.195,116.04
Rural,IoT_Sensor,Agriculture,0,0,-80.96,2.85,1.0,2.006,5.34
Urban,UAV_Node,Smart_City,0,0,-74.87,0.5,8.42,4.567,6.89
Rural,User_Equipment,Disaster_Response,0,0,-82.62,4.087,24.54,2.551,6.0
Rural,IoT_Sensor,Telemedicine,1,0,-76.47,1.643,10.18,0.961,3.24
Urban,IoT_Sensor,Telemedicine,0,0,-64.7,0.5,20.59,2.139,6.48
Rural,UAV_Node,Telemedicine,0,0,-71.2,0.5,19.47,4.488,3.72
Urban,IoT_Sensor,Agriculture,1,1,-62.04,8.898,96.57,1.682,110.34
Urban,User_Equipment,Smart_City,0,0,-72.54,0.865,21.7,2.274,4.39
Mountain,User_Equipment,Disaster_Response,0,0,-95.13,1.335,25.37,2.512,0.1
Urban,User_Equipment,Smart_City,0,0,-78.85,0.5,17.93,2.462,6.53
Urban,IoT_Sensor,Smart_City,1,1,-67.47,3.189,106.1,1.463,104.1
Rural,UAV_Node,Smart_City,0,1,-87.05,2.231,96.57,4.48,115.32
Rural,UAV_Node,Telemedicine,1,0,-81.62,7.725,9.13,4.218,1.36
Urban,User_Equipment,Disaster_Response,0,1,-69.24,0.5,102.24,2.187,105.99
Rural,User_Equipment,Disaster_Response,0,0,-89.11,16.69,27.15,3.247,5.74
Urban,UAV_Node,Smart_City,1,0,-58.39,0.5,1.0,3.904,6.17
Urban,User_Equipment,Telemedicine,1,0,-64.0,0.5,31.59,2.516,4.8
Rural,IoT_Sensor,Telemedicine,1,0,-79.05,4.699,16.64,1.834,4.89
Rural,User_Equipment,Disaster_Response,1,0,-80.64,13.427,24.25,2.235,5.82
Rural,User_Equipment,Telemedicine,1,1,-78.22,22.554,111.97,2.74,107.87
Rural,IoT_Sensor,Telemedicine,0,1,-80.87,0.5,86.28,1.351,85.24
Mountain,User_Equipment,Telemedicine,0,0,-99.34,0.5,27.91,2.04,0.1
Rural,UAV_Node,Agriculture,1,0,-82.29,18.5,12.11,4.274,6.75
Urban,UAV_Node,Smart_City,0,0,-71.52,0.5,7.16,4.763,3.07
Rural,IoT_Sensor,Disaster_Response,1,0,-85.73,6.523,37.35,0.878,4.84
Urban,IoT_Sensor,Disaster_Response,1,0,-68.1,4.721,11.43,1.385,4.4
Urban,UAV_Node,Agriculture,0,0,-72.38,0.5,9.44,4.202,2.99
Urban,User_Equipment,Smart_City,0,0,-65.63,0.5,22.04,2.547,5.72
Urban,IoT_Sensor,Disaster_Response,1,1,-62.69,5.983,87.98,1.386,119.24
Mountain,UAV_Node,Telemedicine,0,0,-94.03,11.637,26.04,3.843,0.1
Mountain,UAV_Node,Disaster_Response,1,0,-84.75,5.303,33.17,3.976,0.1
Rural,User_Equipment,Telemedicine,0,1,-85.69,8.272,96.67,2.438,105.59
Urban,User_Equipment,Agriculture,1,0,-62.05,0.5,19.07,1.653,3.21
Urban,IoT_Sensor,Telemedicine,0,0,-70.52,0.5,14.71,1.868,5.44
Urban,IoT_Sensor,Disaster_Response,1,0,-62.67,0.5,4.86,1.598,6.58
Urban,IoT_Sensor,Disaster_Response,0,0,-72.91,0.5,23.22,1.525,3.86
Rural,User_Equipment,Disaster_Response,0,1,-97.19,8.618,117.55,2.741,103.79
Rural,IoT_Sensor,Agriculture,0,0,-85.67,6.091,20.18,1.944,2.54
Rural,IoT_Sensor,Agriculture,1,0,-71.89,8.235,22.25,1.532,7.9
Urban,IoT_Sensor,Smart_City,1,1,-59.37,1.511,106.93,1.601,121.08
Mountain,User_Equipment,Disaster_Response,0,1,-90.17,10.278,102.31,2.616,101.44
Rural,UAV_Node,Telemedicine,0,1,-78.82,0.5,112.03,4.404,85.91
Rural,IoT_Sensor,Agriculture,0,0,-84.56,0.78,22.02,1.612,6.62
Rural,IoT_Sensor,Disaster_Response,1,0,-78.01,6.756,36.32,1.493,3.83
Urban,User_Equipment,Disaster_Response,1,1,-67.09,19.648,92.67,2.312,91.08
Urban,IoT_Sensor,Agriculture,0,1,-71.58,0.5,118.18,1.596,102.26
Urban,IoT_Sensor,Smart_City,0,0,-66.92,0.781,27.75,1.266,2.65
Rural,IoT_Sensor,Agriculture,0,0,-78.98,4.475,25.53,1.398,8.64
Urban,IoT_Sensor,Agriculture,0,0,-70.7,0.5,22.34,1.265,3.87
Urban,IoT_Sensor,Telemedicine,0,1,-72.25,9.919,97.51,1.379,93.89
Urban,IoT_Sensor,Telemedicine,1,0,-64.0,1.859,32.01,1.975,5.42
Urban,IoT_Sensor,Smart_City,0,0,-66.99,0.5,21.4,1.909,3.03
Mountain,UAV_Node,Disaster_Response,1,0,-96.22,15.844,10.33,4.693,0.1
Rural,IoT_Sensor,Agriculture,0,0,-96.48,14.358,8.83,1.42,6.57
Rural,User_Equipment,Smart_City,0,1,-87.75,14.359,98.14,2.809,126.22
Urban,User_Equipment,Telemedicine,1,0,-70.1,0.5,23.1,1.922,7.39
Rural,IoT_Sensor,Agriculture,1,1,-81.54,7.174,99.43,1.235,117.19
Rural,User_Equipment,Disaster_Response,1,1,-79.74,11.855,112.19,2.262,101.6
Urban,IoT_Sensor,Telemedicine,0,0,-72.27,0.5,1.0,1.882,4.08
Urban,UAV_Node,Telemedicine,0,0,-62.74,0.5,16.44,3.891,2.84
Urban,IoT_Sensor,Telemedicine,1,0,-62.37,5.37,1.82,1.728,3.77
Rural,IoT_Sensor,Smart_City,0,1,-83.5,4.462,107.6,1.77,128.41
Rural,IoT_Sensor,Disaster_Response,0,0,-81.89,0.73,19.06,2.206,6.09
Urban,UAV_Node,Agriculture,0,0,-75.69,0.5,19.2,3.566,0.66
Urban,User_Equipment,Smart_City,0,1,-64.8,1.644,91.36,2.911,124.7
Rural,User_Equipment,Smart_City,1,0,-79.38,0.5,32.79,2.654,5.32
Rural,IoT_Sensor,Smart_City,0,1,-81.65,2.79,110.42,1.264,111.91
Mountain,User_Equipment,Telemedicine,0,0,-100.36,11.236,40.84,3.027,0.1
Rural,IoT_Sensor,Disaster_Response,0,0,-92.77,12.385,18.7,1.849,5.84
Urban,UAV_Node,Smart_City,0,0,-65.91,0.5,20.8,3.942,7.62
Urban,IoT_Sensor,Agriculture,0,1,-68.12,0.5,92.93,1.263,70.0
Rural,IoT_Sensor,Disaster_Response,0,0,-89.51,7.854,28.56,1.441,6.87
Urban,IoT_Sensor,Agriculture,0,1,-74.35,0.5,116.49,2.125,127.02
Rural,IoT_Sensor,Disaster_Response,1,1,-73.37,3.738,110.71,1.375,117.72
Mountain,User_Equipment,Agriculture,0,0,-100.95,7.352,27.7,2.882,0.1
Rural,IoT_Sensor,Telemedicine,0,1,-76.79,2.471,103.61,1.312,104.86
Urban,User_Equipment,Smart_City,1,0,-68.5,0.5,7.07,2.076,4.31
Rural,IoT_Sensor,Agriculture,1,0,-75.81,0.5,25.72,1.635,5.98
Rural,User_Equipment,Disaster_Response,0,0,-86.64,7.807,24.51,2.251,6.37
Rural,IoT_Sensor,Smart_City,0,1,-81.98,12.366,81.3,1.623,104.64
Mountain,IoT_Sensor,Smart_City,0,0,-97.72,12.118,23.38,1.753,0.1
Urban,User_Equipment,Disaster_Response,1,0,-64.81,0.5,17.17,2.343,0.96
Mountain,IoT_Sensor,Agriculture,1,0,-88.8,11.39,31.99,1.474,0.1
Mountain,IoT_Sensor,Telemedicine,1,0,-94.01,14.973,22.91,1.718,0.1
Urban,UAV_Node,Telemedicine,0,0,-66.3,0.5,18.89,4.218,5.11
Urban,UAV_Node,Agriculture,1,1,-66.57,9.625,97.51,4.213,92.55
Urban,IoT_Sensor,Smart_City,0,1,-71.14,0.5,98.06,1.214,95.15
Urban,IoT_Sensor,Smart_City,0,0,-74.97,0.5,12.44,1.425,0.1
Urban,User_Equipment,Smart_City,0,1,-82.81,8.692,110.49,3.032,90.9
Rural,IoT_Sensor,Smart_City,1,0,-79.96,15.257,36.55,1.874,4.79
Urban,IoT_Sensor,Agriculture,0,1,-57.94,0.5,95.16,1.098,87.85
Urban,IoT_Sensor,Smart_City,1,0,-60.08,1.984,13.88,1.445,8.45
Mountain,User_Equipment,Disaster_Response,0,0,-95.1,7.967,39.91,2.066,0.1
Urban,User_Equipment,Smart_City,0,0,-71.31,2.71,16.42,2.568,6.54
Mountain,IoT_Sensor,Telemedicine,0,1,-94.89,14.493,113.61,2.359,96.15
Urban,IoT_Sensor,Smart_City,0,0,-67.26,0.5,27.4,1.226,7.52
Urban,IoT_Sensor,Agriculture,1,0,-69.9,9.969,1.0,1.249,3.67
Rural,User_Equipment,Telemedicine,0,0,-79.43,3.204,33.18,2.793,3.53
Rural,IoT_Sensor,Agriculture,1,0,-75.42,3.496,20.73,0.907,7.19
Mountain,IoT_Sensor,Agriculture,1,0,-85.41,8.307,30.89,1.276,0.1
Rural,User_Equipment,Telemedicine,1,1,-76.81,12.887,99.11,2.737,95.14
Mountain,IoT_Sensor,Agriculture,0,1,-94.9,14.767,114.62,1.605,90.05
Urban,User_Equipment,Agriculture,0,0,-66.64,0.5,2.69,2.439,5.77
Urban,IoT_Sensor,Smart_City,0,1,-67.04,0.5,114.95,1.733,125.44
Rural,IoT_Sensor,Disaster_Response,1,0,-80.77,16.885,20.41,1.764,3.64
Mountain,IoT_Sensor,Agriculture,1,1,-91.87,24.292,119.43,1.866,82.24
Mountain,User_Equipment,Agriculture,0,1,-94.49,13.199,124.52,2.662,88.88
Urban,UAV_Node,Agriculture,1,0,-56.25,0.834,4.79,3.928,2.56
Urban,User_Equipment,Smart_City,0,1,-76.2,0.5,104.73,2.473,117.83
Rural,IoT_Sensor,Disaster_Response,1,0,-86.34,13.158,17.32,1.701,0.1
Urban,User_Equipment,Telemedicine,0,0,-69.18,3.635,28.47,2.424,6.63
Mountain,IoT_Sensor,Smart_City,1,1,-88.75,16.283,93.73,1.571,122.77
Mountain,IoT_Sensor,Smart_City,0,0,-94.13,2.828,34.01,1.26,0.1
Urban,UAV_Node,Disaster_Response,1,0,-62.78,0.5,8.97,3.799,7.78
Rural,IoT_Sensor,Disaster_Response,1,0,-80.12,2.61,24.32,1.109,6.27
Rural,IoT_Sensor,Smart_City,1,1,-71.55,4.852,104.7,1.063,47.39
Urban,IoT_Sensor,Telemedicine,0,0,-78.0,0.5,12.92,1.588,2.21
Mountain,IoT_Sensor,Smart_City,0,0,-99.14,2.543,27.88,1.615,0.1
Rural,IoT_Sensor,Disaster_Response,0,1,-85.52,7.836,98.89,1.892,89.7
Mountain,User_Equipment,Telemedicine,0,1,-103.22,21.119,106.03,2.793,94.87
Urban,IoT_Sensor,Disaster_Response,0,0,-70.88,0.5,28.42,1.632,4.5
Mountain,UAV_Node,Telemedicine,1,0,-80.69,15.943,26.31,4.284,0.1
Urban,User_Equipment,Agriculture,0,0,-69.9,0.5,1.0,2.643,5.09
Urban,IoT_Sensor,Disaster_Response,0,0,-68.85,0.5,16.25,1.262,6.25
Mountain,IoT_Sensor,Disaster_Response,0,0,-101.3,7.361,24.61,1.692,0.1
Urban,IoT_Sensor,Smart_City,0,1,-73.08,5.814,83.69,1.726,95.66
Urban,User_Equipment,Disaster_Response,1,0,-65.88,0.5,7.63,2.312,4.37
Mountain,IoT_Sensor,Disaster_Response,0,0,-96.59,12.746,36.09,1.129,0.1
Mountain,User_Equipment,Agriculture,1,0,-82.59,10.155,48.29,2.551,0.1
Rural,IoT_Sensor,Disaster_Response,0,1,-82.21,8.872,103.13,2.341,101.68
Rural,User_Equipment,Agriculture,1,0,-84.56,4.401,13.93,2.28,7.96
Urban,IoT_Sensor,Agriculture,1,1,-62.77,0.5,104.56,1.092,109.6
Urban,IoT_Sensor,Agriculture,0,0,-67.51,0.5,15.41,1.622,3.87
Urban,UAV_Node,Agriculture,1,0,-58.3,0.5,8.05,3.904,4.06
Rural,User_Equipment,Telemedicine,0,0,-77.1,0.865,8.46,2.875,6.44
Rural,IoT_Sensor,Smart_City,1,0,-84.08,3.202,2.48,0.987,4.68
Rural,UAV_Node,Telemedicine,0,0,-89.05,8.768,11.1,4.395,3.72
Rural,IoT_Sensor,Disaster_Response,1,0,-85.29,4.481,21.58,1.567,8.33
Urban,UAV_Node,Telemedicine,1,0,-65.17,3.347,14.03,3.824,3.29
Rural,User_Equipment,Telemedicine,1,1,-76.67,14.462,95.84,2.691,85.76
Urban,IoT_Sensor,Disaster_Response,1,0,-59.06,0.5,10.54,1.619,6.3
Rural,IoT_Sensor,Disaster_Response,0,1,-85.38,10.6,106.08,1.974,96.79
Urban,IoT_Sensor,Disaster_Response,0,0,-71.6,0.5,6.83,1.167,5.96
Mountain,User_Equipment,Telemedicine,0,0,-94.24,4.426,42.76,2.835,0.1
Urban,User_Equipment,Telemedicine,0,0,-74.18,0.5,9.98,2.491,6.65
Urban,IoT_Sensor,Disaster_Response,1,0,-53.55,0.5,12.48,1.332,3.07
Urban,IoT_Sensor,Smart_City,0,0,-78.04,0.767,5.33,1.537,6.39
Rural,User_Equipment,Smart_City,1,0,-78.08,0.5,14.99,2.265,7.21
Rural,UAV_Node,Agriculture,1,0,-68.88,2.918,24.75,4.216,6.72
Urban,User_Equipment,Disaster_Response,1,0,-63.97,0.5,25.16,2.285,5.5
Urban,IoT_Sensor,Agriculture,0,0,-70.95,0.5,29.78,1.174,4.54
Rural,IoT_Sensor,Smart_City,1,1,-80.79,11.883,105.22,1.42,89.82
Urban,IoT_Sensor,Agriculture,1,1,-64.9,3.804,88.96,1.43,83.07
Mountain,UAV_Node,Disaster_Response,0,1,-88.14,12.727,106.69,4.623,78.3
Rural,IoT_Sensor,Disaster_Response,1,1,-90.06,19.705,92.2,1.875,90.42
Urban,User_Equipment,Disaster_Response,1,0,-56.33,0.5,33.31,2.055,6.33
Urban,IoT_Sensor,Telemedicine,0,0,-77.12,0.906,8.03,2.264,3.41
Mountain,User_Equipment,Agriculture,0,1,-96.33,5.489,123.94,2.689,75.68
Urban,User_Equipment,Smart_City,0,0,-72.15,0.5,28.93,2.893,2.11
Urban,User_Equipment,Smart_City,0,0,-67.06,0.5,38.3,2.464,4.03
Mountain,IoT_Sensor,Smart_City,0,0,-102.99,6.412,30.9,1.788,0.1
Mountain,IoT_Sensor,Telemedicine,0,0,-92.69,5.124,42.12,1.854,0.1
Mountain,IoT_Sensor,Telemedicine,0,0,-84.88,2.243,57.82,1.91,0.1
Rural,UAV_Node,Disaster_Response,0,1,-91.82,10.235,88.82,4.522,51.47
Urban,UAV_Node,Smart_City,1,0,-63.05,1.195,1.0,4.086,4.62
Urban,User_Equipment,Telemedicine,0,0,-73.31,3.812,1.2,2.482,4.6
Rural,User_Equipment,Disaster_Response,1,1,-76.87,16.844,107.13,2.465,121.95
Rural,User_Equipment,Smart_City,0,0,-84.9,0.5,1.17,2.61,7.55
Urban,IoT_Sensor,Agriculture,0,0,-73.21,0.5,16.28,1.79,5.25
Mountain,UAV_Node,Disaster_Response,0,0,-92.56,12.925,34.37,4.192,0.1
Urban,IoT_Sensor,Telemedicine,0,1,-60.98,0.5,101.85,1.83,104.87
Rural,IoT_Sensor,Telemedicine,0,1,-85.95,13.432,104.25,2.204,78.2
Urban,User_Equipment,Disaster_Response,1,0,-60.4,8.262,22.22,2.19,6.33
Rural,IoT_Sensor,Disaster_Response,0,1,-91.47,15.852,112.79,1.566,80.61
Urban,IoT_Sensor,Telemedicine,1,0,-68.78,3.638,10.48,1.331,6.15
Urban,User_Equipment,Agriculture,1,1,-61.64,9.044,93.23,2.573,87.47
Urban,IoT_Sensor,Smart_City,0,1,-62.58,0.5,92.27,1.353,109.88
Rural,User_Equipment,Agriculture,0,1,-83.22,6.73,108.3,3.04,42.91
Rural,IoT_Sensor,Disaster_Response,1,0,-80.57,6.526,29.0,1.558,6.91
Rural,IoT_Sensor,Agriculture,0,1,-85.0,15.319,104.51,1.818,77.48
Mountain,IoT_Sensor,Telemedicine,0,1,-101.25,11.534,126.83,1.3,84.87
Urban,IoT_Sensor,Disaster_Response,1,0,-60.98,6.151,8.22,1.028,6.19
Urban,User_Equipment,Smart_City,0,1,-65.59,0.5,116.67,2.594,115.96
Mountain,IoT_Sensor,Telemedicine,1,0,-91.26,6.634,50.23,0.793,0.1
Urban,User_Equipment,Telemedicine,1,1,-66.35,8.013,107.36,2.764,100.91
Mountain,IoT_Sensor,Smart_City,0,0,-93.67,0.5,52.82,1.463,0.1
Urban,User_Equipment,Smart_City,0,1,-72.18,4.219,83.43,3.557,137.13
Mountain,UAV_Node,Agriculture,0,0,-95.33,12.091,24.76,4.934,0.1
Urban,User_Equipment,Disaster_Response,0,0,-59.5,0.5,12.65,2.456,6.45
Mountain,IoT_Sensor,Smart_City,0,0,-96.24,8.735,42.21,1.643,0.1
Rural,IoT_Sensor,Smart_City,1,0,-80.79,18.167,9.5,1.962,7.01
Mountain,IoT_Sensor,Disaster_Response,0,0,-98.24,6.59,42.57,2.143,0.1
Urban,User_Equipment,Smart_City,0,0,-66.28,0.5,33.71,2.019,5.05
Rural,IoT_Sensor,Smart_City,1,0,-79.91,15.361,26.95,1.071,4.39
Mountain,IoT_Sensor,Agriculture,1,0,-92.25,23.936,37.84,1.592,0.1
Rural,User_Equipment,Telemedicine,1,0,-72.39,4.215,10.12,2.559,0.1
Rural,IoT_Sensor,Telemedicine,0,1,-77.9,9.008,91.53,1.829,137.38
Rural,User_Equipment,Telemedicine,1,0,-82.0,15.708,32.5,2.935,4.02
Rural,IoT_Sensor,Telemedicine,0,1,-94.33,8.454,107.79,1.309,105.53
Rural,IoT_Sensor,Smart_City,0,1,-79.96,2.555,99.61,0.856,100.17
Rural,User_Equipment,Disaster_Response,0,0,-88.42,10.366,15.82,2.965,2.62
Mountain,IoT_Sensor,Disaster_Response,1,0,-85.05,18.949,14.74,1.431,0.1
Urban,User_Equipment,Agriculture,0,1,-79.85,7.74,89.29,2.049,87.78
Urban,IoT_Sensor,Agriculture,0,0,-65.54,0.5,39.11,1.554,5.95
Mountain,IoT_Sensor,Smart_City,0,0,-101.06,20.463,22.2,2.147,0.1
Mountain,User_Equipment,Disaster_Response,0,0,-91.35,3.018,36.89,2.524,0.1
Rural,User_Equipment,Disaster_Response,1,1,-78.93,10.789,110.07,2.378,128.7
Rural,User_Equipment,Telemedicine,1,0,-83.77,11.597,7.45,2.484,5.07
Urban,IoT_Sensor,Smart_City,1,0,-66.04,8.788,21.85,1.365,2.27
Urban,User_Equipment,Smart_City,0,1,-66.57,2.554,109.38,2.147,98.44
Rural,IoT_Sensor,Telemedicine,0,1,-84.47,9.31,100.12,1.472,63.16
Urban,IoT_Sensor,Smart_City,0,0,-67.08,0.5,48.68,1.666,5.99
Rural,UAV_Node,Smart_City,0,0,-75.12,0.5,1.0,4.107,5.0
Urban,IoT_Sensor,Agriculture,0,1,-77.82,6.701,110.59,1.684,113.97
Mountain,UAV_Node,Disaster_Response,1,0,-80.91,0.5,28.27,3.511,0.1
Mountain,IoT_Sensor,Smart_City,0,0,-94.48,5.756,42.72,1.561,0.1
